TYPE,PRICE,BEDS,BATH,PROPERTYSQFT,LOCALITY
Co-op for sale,440000,2,1,978,Kings County
Co-op for sale,375000,2,1,850,Bronx County
Condo for sale,549000,2,2,1000,Richmond County
Co-op for sale,199000,3,1,325,Kings County
Co-op for sale,350000,1,1,700,Bronx County
Condo for sale,599000,2,2,974,Queens County
Condo for sale,1300000,2,2,1244,Queens County
Condo for sale,349900,1,1,651,Richmond County
Multi-family home for sale,1299888,10,6,3156,Richmond County
Multi-family home for sale,1300000,10,8,5040,Richmond County
Co-op for sale,279000,1,1,750,Kings County
Condo for sale,528000,1,1,602,Kings County
Multi-family home for sale,1299888,11,4,3156,Richmond County
Condo for sale,1165000,1,1,815,Kings County
Co-op for sale,4250000,3,2,2400,New York County
Condo for sale,329000,2,1,837,Richmond County
Co-op for sale,220500,2,1,900,Richmond County
Condo for sale,1650000,2,2,1267,Kings County
Co-op for sale,559500,1,1,800,Kings County
Co-op for sale,750000,1,1,835,New York County
Condo for sale,1900000,2,2,1029,New York County
Condo for sale,1250000,2,2,1201,Kings County
Condo for sale,1395000,2,2,1182,Kings County
Condo for sale,1175000,2,2,1115,Kings County
Condo for sale,31000000,3,4,4492,New York County
Condo for sale,1650000,2,2,1065,New York County
Condo for sale,1650000,2,2,1065,New York County
Condo for sale,5750000,3,2,2223,New York County
Condo for sale,215000,1,1,625,New York County
Co-op for sale,539000,2,2,1100,Kings County
Co-op for sale,1295000,4,2,1995,Bronx County
Co-op for sale,280000,1,1,1000,Kings County
Condo for sale,325000,2,1,979,New York County
Condo for sale,189000,2,2,966,Richmond County
Condo for sale,759000,3,2,1200,Queens County
Condo for sale,499000,1,1,630,New York County
Co-op for sale,1399000,3,4,1993,Queens County
Condo for sale,649000,3,2,1182,Queens County
Condo for sale,500000,4,3,1794,New York County
Co-op for sale,90000,1,1,450,Bronx County
Co-op for sale,449000,2,2,1549,Queens County
Condo for sale,198000,1,1,750,Queens County
Condo for sale,725000,2,2,792,Kings County
Co-op for sale,498000,2,1,975,Kings County
Co-op for sale,385000,1,2,900,Queens County
Co-op for sale,265000,1,1,700,Queens County
Co-op for sale,288000,1,1,845,Kings County
Co-op for sale,999995,3,2,1750,New York County
Co-op for sale,1495000,2,2,1350,New York County
Co-op for sale,925000,1,1,1000,New York County
Condo for sale,2000000,4,4,3000,New York County
Co-op for sale,329000,1,1,820,Queens County
Condo for sale,800000,2,2,1257,New York County
Condo for sale,430000,2,2,1248,Richmond County
Co-op for sale,439500,3,2,1400,Queens County
Co-op for sale,69000,1,1,850,Bronx County
Condo for sale,1995000,3,2,1546,New York County
Co-op for sale,230000,1,1,620,New York County
Co-op for sale,220000,1,1,590,Queens County
Co-op for sale,475000,1,1,615,New York County
Condo for sale,320000,2,2,936,Bronx County
Co-op for sale,295000,2,1,700,Kings County
Condo for sale,285000,2,1,1000,Bronx County
Co-op for sale,328000,1,1,800,Queens County
Condo for sale,1100000,1,2,890,New York County
Co-op for sale,849000,2,1,800,Kings County
Co-op for sale,560000,3,1,550,New York County
Condo for sale,1100000,1,2,890,New York County
Co-op for sale,849000,2,1,800,Kings County
Co-op for sale,418888,2,1,900,Kings County
Condo for sale,1025000,1,1,800,New York County
Condo for sale,1375000,1,2,920,New York County
Condo for sale,875000,3,2,1437,New York County
Condo for sale,1100000,1,1,726,New York County
Co-op for sale,259000,1,1,750,Kings County
Condo for sale,850000,2,2,1005,New York County
Co-op for sale,535000,1,1,750,Kings County
Co-op for sale,339000,3,1,250,New York County
Condo for sale,2265000,2,2,1123,New York County
Co-op for sale,459000,2,1,950,Queens County
House for sale,1295000,3,4,2193,New York County
Condo for sale,289000,1,1,666,Kings County
Condo for sale,699000,1,1,616,Kings County
Condo for sale,1355000,2,2,1002,Kings County
Condo for sale,1225000,2,2,882,Kings County
Co-op for sale,105000,3,1,656,Bronx County
Co-op for sale,202000,2,1,1453,Queens County
Co-op for sale,599000,3,1,1200,Kings County
Condo for sale,235000,2,1,860,Richmond County
Co-op for sale,105509,1,1,650,Bronx County
Co-op for sale,395995,2,1,1100,Bronx County
Co-op for sale,149000,3,1,400,New York County
Co-op for sale,235000,3,2,1400,Queens County
Condo for sale,7495000,4,4,2888,New York County
Co-op for sale,275000,2,1,900,Bronx County
Condo for sale,189000,1,1,730,Richmond County
Condo for sale,965000,3,1,540,Kings County
Condo for sale,2295000,2,2,1242,New York County
Condo for sale,749000,2,2,1300,Queens County
Condo for sale,399000,3,1,500,New York County
Co-op for sale,209000,1,1,1078,Bronx County
Co-op for sale,280000,3,2,1100,Bronx County
Co-op for sale,215000,3,1,1100,Kings County
Co-op for sale,270000,2,2,900,Queens County
Co-op for sale,375000,2,2,1200,Bronx County
Condo for sale,27750000,7,8,8139,New York County
Co-op for sale,300000,2,1,900,Richmond County
Condo for sale,10500000,3,3,2753,New York County
Co-op for sale,350000,2,1,825,Kings County
Condo for sale,699000,2,2,833,Queens County
Co-op for sale,369000,1,1,1470,Queens County
Condo for sale,434900,3,2,1286,Richmond County
Co-op for sale,375000,2,2,1350,Bronx County
Co-op for sale,549000,2,2,1200,Queens County
Co-op for sale,219000,3,1,1050,Kings County
Co-op for sale,298000,3,2,1100,Bronx County
Condo for sale,379000,1,2,704,Bronx County
Condo for sale,799999,3,2,1200,Queens County
Co-op for sale,185000,2,1,600,New York County
House for sale,899000,2,1,1130,New York County
Co-op for sale,120000,2,1,600,Bronx County
Co-op for sale,229000,2,1,950,Bronx County
Condo for sale,2000000,4,3,2000,New York County
Condo for sale,50000000,6,6,6569,New York County
Co-op for sale,239000,2,1,798,Queens County
Co-op for sale,175849,2,1,850,Bronx County
Co-op for sale,750000,3,2,1750,New York County
Co-op for sale,220000,2,1,850,Bronx County
Co-op for sale,250000,2,1,950,Kings County
Condo for sale,109500,3,1,550,Richmond County
Co-op for sale,299000,3,1,640,New York County
Co-op for sale,279000,3,1,550,New York County
Condo for sale,478900,1,1,554,Queens County
Co-op for sale,149000,1,1,375,New York County
Condo for sale,355000,1,1,514,Kings County
Co-op for sale,489000,2,2,1549,Queens County
Condo for sale,2245000,2,3,1724,New York County
Co-op for sale,315000,1,1,850,Queens County
Condo for sale,699000,2,2,1766,Queens County
Co-op for sale,119000,1,1,650,Bronx County
Co-op for sale,309900,2,1,900,Bronx County
Co-op for sale,325000,3,1,622,New York County
Co-op for sale,1900000,3,2,2200,New York County
House for sale,850000,6,3,2280,Kings County
Co-op for sale,825000,2,1,800,Kings County
Co-op for sale,1075000,4,2,1800,Queens County
House for sale,1950000,5,4,4000,Bronx County
Condo for sale,578000,2,2,900,Queens County
Condo for sale,8995000,5,4,4373,New York County
Condo for sale,629000,3,2,1360,Kings County
Condo for sale,329900,2,2,993,Queens County
Condo for sale,2150000,3,1,750,New York County
Co-op for sale,307000,2,1,960,Bronx County
Condo for sale,595000,1,1,750,New York County
Co-op for sale,675000,2,2,1200,Kings County
House for sale,395000,3,1,430,New York County
Condo for sale,374900,1,1,782,Bronx County
Co-op for sale,225000,2,1,789,Richmond County
Co-op for sale,385000,2,1,800,Queens County
Co-op for sale,325000,2,1,750,New York County
Condo for sale,3895000,3,3,1884,New York County
Co-op for sale,249000,1,1,850,Bronx County
Co-op for sale,228500,1,1,750,Queens County
Co-op for sale,335000,2,1,745,Queens County
Co-op for sale,335000,2,1,745,Queens County
Condo for sale,720000,3,2,1046,Kings County
Condo for sale,499999,3,1,701,Kings County
Townhouse for sale,4250000,3,4,3376,Kings County
Co-op for sale,659000,3,2,1300,Bronx County
Co-op for sale,629000,2,2,1600,Queens County
Condo for sale,698000,2,2,824,Queens County
Condo for sale,495000,2,1,766,New York County
Co-op for sale,605000,3,2,1500,Bronx County
Condo for sale,2099000,3,2,1711,Kings County
Co-op for sale,575000,3,2,1480,Kings County
Co-op for sale,379000,2,2,1160,Kings County
Co-op for sale,250000,1,1,900,Bronx County
Co-op for sale,1275000,1,1,1000,New York County
Co-op for sale,950000,2,1,1000,New York County
Co-op for sale,269000,1,1,900,Queens County
Co-op for sale,550000,2,1,1069,Queens County
Co-op for sale,619000,2,2,1200,Kings County
Condo for sale,1395000,2,2,1793,New York County
Co-op for sale,499000,2,1,686,New York County
House for sale,1625000,4,4,2743,New York County
Co-op for sale,300000,3,1,1200,Kings County
Co-op for sale,240900,2,1,875,Bronx County
Co-op for sale,129000,1,1,750,Bronx County
Co-op for sale,265000,2,1,1100,Kings County
Co-op for sale,999000,2,1,1050,New York County
Condo for sale,60000,3,1,445,New York County
Condo for sale,479000,2,2,1008,Richmond County
Co-op for sale,450000,3,2,1026,Queens County
House for sale,879000,2,1,1000,New York County
Co-op for sale,430000,2,2,1200,Bronx County
Condo for sale,600000,3,1,441,New York County
Co-op for sale,329000,1,1,750,Kings County
Condo for sale,275000,1,1,850,Kings County
Co-op for sale,1395000,3,3,1750,New York County
Condo for sale,568000,2,1,550,Kings County
Condo for sale,568000,2,1,550,Kings County
Condo for sale,1989000,2,2,1274,New York County
Co-op for sale,169000,1,1,680,Kings County
Co-op for sale,124900,1,1,676,Bronx County
Condo for sale,2200000,3,4,1779,New York County
Townhouse for sale,588000,4,3,2160,Bronx County
Co-op for sale,439000,1,1,950,Richmond County
Townhouse for sale,588000,4,3,2160,Bronx County
Co-op for sale,385000,1,1,900,Bronx County
Condo for sale,2700000,3,3,1398,Kings County
Co-op for sale,349000,2,1,900,Bronx County
Condo for sale,750000,2,2,995,Queens County
Co-op for sale,1195000,3,3,995,Bronx County
Co-op for sale,1750000,3,3,995,New York County
Co-op for sale,324900,1,1,900,New York County
Co-op for sale,97500,2,1,791,Bronx County
Condo for sale,2200000,2,2,2035,New York County
Co-op for sale,519999,3,2,1100,Queens County
Co-op for sale,299999,2,1,857,Bronx County
Condo for sale,1389000,2,2,1043,New York County
Co-op for sale,319000,2,1,925,Queens County
Co-op for sale,255000,1,1,750,Kings County
Co-op for sale,190000,2,1,875,Bronx County
Co-op for sale,149999,1,1,850,Bronx County
Co-op for sale,208000,1,1,610,New York County
Condo for sale,1300000,2,2,1100,Kings County
Co-op for sale,310000,2,1,675,Queens County
Co-op for sale,239900,1,1,585,Queens County
Co-op for sale,257000,3,1,450,Kings County
Condo for sale,1090000,2,2,1860,Queens County
Co-op for sale,340000,2,1,900,Bronx County
Co-op for sale,775000,3,2,1880,New York County
Condo for sale,1090000,2,2,1860,Queens County
Co-op for sale,340000,2,1,900,Bronx County
Co-op for sale,699000,1,1,600,New York County
Condo for sale,425000,2,2,800,Bronx County
Co-op for sale,269000,1,1,700,Queens County
Co-op for sale,550000,3,2,1250,New York County
Condo for sale,789000,2,2,1230,Kings County
Co-op for sale,134500,3,1,503,Bronx County
Condo for sale,3595000,3,3,1862,New York County
Condo for sale,357000,3,1,1100,Bronx County
Condo for sale,499000,3,2,1156,Queens County
Co-op for sale,315000,2,1,850,Kings County
Condo for sale,595000,3,1,660,New York County
Co-op for sale,659000,1,1,440,Kings County
Co-op for sale,398000,3,2,1571,Queens County
Co-op for sale,249000,3,1,500,New York County
Co-op for sale,719000,3,2,1440,Queens County
Co-op for sale,258888,1,1,650,Kings County
Condo for sale,747000,11,1,747,New York County
Co-op for sale,385000,2,2,1100,Bronx County
Co-op for sale,349000,1,1,1017,Queens County
Condo for sale,238000,1,1,650,Richmond County
Condo for sale,472000,1,1,700,Queens County
Condo for sale,472000,1,1,700,Queens County
Co-op for sale,210000,2,1,1000,Queens County
Multi-family home for sale,1799000,3,1,5400,Richmond County
Co-op for sale,299999,2,2,1300,Queens County
Co-op for sale,299999,2,2,1300,Queens County
Condo for sale,599000,2,2,1095,Kings County
Condo for sale,12500000,3,2,4000,New York County
Co-op for sale,100000,3,1,512,Queens County
Condo for sale,625000,2,2,995,Queens County
Co-op for sale,279900,1,1,900,Bronx County
Co-op for sale,165000,1,1,875,Bronx County
Condo for sale,625000,2,1,825,Queens County
Co-op for sale,279900,1,1,900,Bronx County
Condo for sale,979000,3,2,1272,Kings County
Co-op for sale,245000,2,1,900,Kings County
Co-op for sale,425000,3,1,450,New York County
Co-op for sale,3695000,2,2,1697,New York County
Condo for sale,28000000,4,4,5000,New York County
Co-op for sale,99000,1,1,850,Bronx County
Condo for sale,1300000,2,2,1140,New York County
Condo for sale,558000,1,1,751,Kings County
Condo for sale,399900,2,2,853,Richmond County
Condo for sale,255500,1,1,950,Richmond County
Condo for sale,9450000,2,3,3918,New York County
Co-op for sale,220000,1,1,500,Kings County
Co-op for sale,399000,2,2,1050,Kings County
Co-op for sale,219999,2,1,800,Bronx County
Co-op for sale,888000,3,2,1600,Queens County
Co-op for sale,150000,3,1,600,Queens County
Condo for sale,354900,2,1,673,Kings County
Co-op for sale,125000,3,1,600,Bronx County
Co-op for sale,2200000,3,3,2195,New York County
Condo for sale,785000,2,2,968,Kings County
Condo for sale,1700000,2,2,1580,Kings County
Co-op for sale,339000,1,1,1085,Kings County
Co-op for sale,189000,1,1,700,Bronx County
House for sale,999999,2,2,1198,New York County
Condo for sale,575000,3,2,877,Queens County
Condo for sale,40000000,5,6,7488,New York County
Co-op for sale,175000,1,1,800,Bronx County
Co-op for sale,285000,1,1,750,Kings County
Co-op for sale,729000,2,2,1700,Queens County
Condo for sale,725000,3,2,1185,Kings County
Co-op for sale,245000,3,1,260,New York County
Condo for sale,455000,2,1,939,Richmond County
Condo for sale,620000,1,1,430,New York County
Condo for sale,849000,3,2,1241,Kings County
Co-op for sale,8995000,5,4,5500,New York County
Condo for sale,2995000,2,2,1452,New York County
Condo for sale,495000,2,1,800,Queens County
Condo for sale,999000,3,1,600,New York County
Co-op for sale,174000,1,1,800,Kings County
Condo for sale,575000,2,2,1253,Queens County
Condo for sale,2000000,1,2,1321,New York County
Co-op for sale,170000,2,1,850,Bronx County
Co-op for sale,1295000,2,2,2100,Kings County
Co-op for sale,209900,1,1,780,Kings County
Co-op for sale,199900,1,1,925,Bronx County
Co-op for sale,289999,1,1,830,Bronx County
Condo for sale,1250000,3,2,1281,New York County
Condo for sale,680000,2,2,1058,Queens County
Co-op for sale,899000,2,2,1300,Kings County
Co-op for sale,169000,1,1,850,Queens County
Co-op for sale,169000,1,1,850,Queens County
Co-op for sale,335000,1,1,756,Kings County
Condo for sale,1495000,2,2,1098,Kings County
Co-op for sale,375000,1,1,500,New York County
Condo for sale,568000,2,2,1253,Queens County
Condo for sale,849000,2,1,720,New York County
Co-op for sale,549000,3,1,1200,Kings County
Condo for sale,9500000,4,4,3655,Kings County
Condo for sale,1100000,2,1,807,Kings County
Condo for sale,3345000,2,2,1875,New York County
Condo for sale,3345000,2,2,1875,New York County
Condo for sale,378888,1,1,718,Richmond County
Condo for sale,750000,3,2,1027,New York County
Condo for sale,850000,1,1,626,Kings County
Co-op for sale,395000,1,1,550,New York County
Co-op for sale,699000,2,1,800,New York County
Condo for sale,2550000,3,2,1525,New York County
Condo for sale,799000,1,1,684,New York County
Co-op for sale,1650000,1,2,1000,New York County
Condo for sale,6750000,3,3,3000,New York County
Condo for sale,1695000,2,2,1117,Kings County
Co-op for sale,249999,2,1,750,Kings County
Condo for sale,2800000,2,2,1188,New York County
Co-op for sale,311000,1,1,780,Kings County
Condo for sale,649000,3,2,804,Kings County
Co-op for sale,159000,1,1,800,Bronx County
Co-op for sale,305000,1,1,750,Kings County
Condo for sale,849500,2,2,975,New York County
Condo for sale,699000,2,2,967,Queens County
Condo for sale,999000,2,2,1262,New York County
Co-op for sale,299000,1,1,750,Kings County
Co-op for sale,279000,2,1,810,Queens County
Co-op for sale,735000,1,1,800,New York County
Co-op for sale,320000,2,2,1200,Bronx County
Co-op for sale,228888,1,1,900,Queens County
Co-op for sale,699000,2,1,1100,Kings County
Co-op for sale,2000000,3,2,1800,New York County
Co-op for sale,538888,3,2,1500,Queens County
Co-op for sale,270000,3,1,275,Kings County
Co-op for sale,149000,1,1,750,Bronx County
Co-op for sale,299999,2,1,863,Bronx County
Co-op for sale,536000,2,2,1200,Bronx County
Co-op for sale,165000,1,1,625,Bronx County
Condo for sale,1475000,2,2,1048,Kings County
Condo for sale,595000,3,1,721,New York County
Multi-family home for sale,750000,1,1,630,New York County
House for sale,638000,3,2,1728,Bronx County
Co-op for sale,239000,1,1,801,Queens County
Townhouse for sale,2900000,3,3,1979,New York County
Condo for sale,749000,1,2,879,Queens County
Townhouse for sale,549999,3,2,1677,Richmond County
Condo for sale,365000,3,2,920,Bronx County
Condo for sale,695000,2,2,845,Kings County
Condo for sale,699000,3,2,1779,Kings County
Co-op for sale,1075000,2,2,1250,New York County
Co-op for sale,165000,3,1,550,Bronx County
Condo for sale,779000,1,1,517,New York County
Condo for sale,1399999,2,2,1041,New York County
Condo for sale,11500000,6,7,4908,New York County
Condo for sale,199999,1,1,750,Kings County
Condo for sale,569000,1,1,490,Queens County
Co-op for sale,183000,1,1,831,Bronx County
Condo for sale,1995000,5,4,3075,Bronx County
Co-op for sale,1850000,5,3,3000,Queens County
Condo for sale,435000,1,1,661,Queens County
Co-op for sale,2250000,3,2,2025,New York County
Condo for sale,799000,2,2,922,New York County
Co-op for sale,205000,1,1,1000,Bronx County
Co-op for sale,575000,3,2,1350,Queens County
Condo for sale,798000,2,2,1190,Queens County
Condo for sale,399000,1,1,616,Queens County
Condo for sale,450000,1,1,776,Richmond County
Co-op for sale,399000,3,2,1492,Queens County
Condo for sale,550000,1,1,720,Queens County
Co-op for sale,549999,3,1,1020,Queens County
Condo for sale,290900,2,1,850,Bronx County
Condo for sale,474900,2,2,1054,Bronx County
Condo for sale,7995000,3,4,2789,Kings County
Condo for sale,480000,1,1,506,Kings County
Condo for sale,275000,2,2,969,Kings County
Co-op for sale,220000,2,1,922,Bronx County
House for sale,1988800,3,4,2071,New York County
Co-op for sale,135000,1,1,792,Queens County
Co-op for sale,468000,2,1,1200,Queens County
Co-op for sale,318000,1,1,748,Queens County
Condo for sale,649000,2,1,705,Queens County
Co-op for sale,3345000,4,4,3000,New York County
Condo for sale,5000000,3,3,2162,New York County
Co-op for sale,1995000,2,2,1200,New York County
Condo for sale,504000,3,2,1004,Bronx County
Co-op for sale,1995000,2,2,1200,New York County
Co-op for sale,319999,1,1,660,Kings County
Condo for sale,999000,3,2,1301,Kings County
Co-op for sale,475000,1,1,950,Queens County
Co-op for sale,249000,2,1,900,Bronx County
Co-op for sale,1495000,3,2,1650,New York County
Co-op for sale,295000,1,2,980,Queens County
Co-op for sale,289000,1,1,750,Kings County
Co-op for sale,187000,4,1,1076,Bronx County
Co-op for sale,689000,3,2,1500,Queens County
Co-op for sale,260000,1,1,800,Kings County
Condo for sale,4200000,3,3,2584,New York County
Condo for sale,749000,1,2,908,Queens County
Condo for sale,700000,3,2,1245,Bronx County
Condo for sale,297000,3,1,600,Kings County
Co-op for sale,455000,1,1,725,New York County
Condo for sale,6500000,3,4,2190,New York County
Co-op for sale,475000,2,2,1150,Kings County
Co-op for sale,259000,1,1,625,Kings County
Co-op for sale,345000,3,2,1100,Bronx County
Co-op for sale,599000,2,2,1350,New York County
Condo for sale,479900,1,1,550,New York County
Co-op for sale,188000,3,1,300,Kings County
Condo for sale,479900,1,1,550,New York County
Condo for sale,875000,2,2,1050,Kings County
Co-op for sale,4400000,3,3,3500,New York County
Co-op for sale,525000,2,1,1300,Kings County
Condo for sale,715000,2,2,1021,Kings County
Condo for sale,17500000,7,4,6300,New York County
Co-op for sale,599000,1,1,755,New York County
Condo for sale,1395000,3,2,1494,New York County
Condo for sale,1181000,2,2,1541,Bronx County
Co-op for sale,439900,2,1,1000,Queens County
Co-op for sale,650000,2,2,1200,Queens County
Co-op for sale,589000,2,2,1100,Kings County
Condo for sale,1499999,2,2,901,New York County
Co-op for sale,1495000,4,4,2600,New York County
Co-op for sale,239000,3,1,450,Kings County
Condo for sale,299900,1,1,525,Bronx County
Co-op for sale,439999,1,2,1215,Queens County
Townhouse for sale,1895000,5,4,2400,Kings County
Co-op for sale,234900,1,1,753,Queens County
Co-op for sale,525000,2,1,1000,Kings County
Co-op for sale,305000,2,1,600,Queens County
Condo for sale,1995000,2,2,1562,New York County
Condo for sale,750000,1,1,943,Kings County
Co-op for sale,175000,1,1,800,Kings County
Co-op for sale,136999,1,1,750,Bronx County
Condo for sale,699000,2,2,1320,Queens County
Co-op for sale,825000,1,1,750,New York County
Condo for sale,4100000,3,4,2200,New York County
Condo for sale,8850000,3,4,5094,New York County
Condo for sale,559000,1,1,830,Kings County
Co-op for sale,379000,2,1,1000,Kings County
Co-op for sale,815000,1,1,630,New York County
Co-op for sale,599000,2,2,1200,Kings County
Co-op for sale,280000,2,2,975,Bronx County
Multi-family home for sale,875000,9,6,5712,Kings County
Condo for sale,2225000,2,2,1420,New York County
Condo for sale,1530000,2,2,1229,Kings County
Co-op for sale,309000,1,2,1074,Queens County
Condo for sale,399000,1,1,561,Kings County
Condo for sale,164999,3,1,400,Richmond County
Co-op for sale,715000,3,1,983,New York County
Co-op for sale,1200000,2,2,1100,Kings County
Co-op for sale,560000,1,1,700,New York County
House for sale,26995000,8,10,8360,New York County
Co-op for sale,255000,1,1,650,Queens County
Co-op for sale,259000,3,1,250,New York County
Co-op for sale,219000,3,1,550,Kings County
Condo for sale,1795000,3,2,1773,New York County
Condo for sale,699000,2,2,1519,New York County
Co-op for sale,425000,3,2,1300,Queens County
Co-op for sale,279999,1,1,790,Kings County
Condo for sale,980000,3,3,1574,Kings County
Co-op for sale,1600000,4,2,2350,New York County
Co-op for sale,309000,1,1,850,Queens County
Condo for sale,950000,3,2,1401,Kings County
Condo for sale,5000000,2,2,2522,New York County
Condo for sale,1390000,4,3,1950,Kings County
Condo for sale,9995000,3,4,2926,New York County
Co-op for sale,529000,2,2,1200,Queens County
Condo for sale,1350000,1,1,850,New York County
Condo for sale,2750000,2,2,1892,New York County
Condo for sale,2095000,2,2,1600,New York County
Co-op for sale,199900,3,1,550,Queens County
Co-op for sale,399990,2,1,1000,Queens County
Co-op for sale,199900,3,1,550,Queens County
Co-op for sale,130000,1,1,720,Bronx County
Condo for sale,690000,2,2,942,Kings County
Co-op for sale,185000,2,1,854,Kings County
Condo for sale,780000,2,2,955,Queens County
Co-op for sale,599000,2,1,1100,New York County
Condo for sale,639999,3,2,1180,Bronx County
Condo for sale,2999999,4,4,3100,New York County
Condo for sale,1150000,2,2,1850,Queens County
Co-op for sale,425000,3,2,1150,Bronx County
Co-op for sale,799000,2,2,1000,New York County
Co-op for sale,475000,1,1,750,Kings County
Co-op for sale,325000,3,1,1200,Kings County
Condo for sale,1200000,2,2,1200,New York County
House for sale,6975000,2,2,3050,New York County
House for sale,2975000,4,4,2968,New York County
Condo for sale,1250000,2,2,1257,Queens County
Co-op for sale,4000000,3,2,2300,New York County
Condo for sale,1175000,1,2,1070,New York County
Condo for sale,1595000,3,2,1375,Kings County
Condo for sale,1338000,3,2,2082,Richmond County
Co-op for sale,349000,2,1,800,Kings County
Condo for sale,12500000,4,4,3550,New York County
Condo for sale,370000,3,1,462,Kings County
Co-op for sale,600000,1,1,715,New York County
Condo for sale,1950000,2,2,1000,New York County
Co-op for sale,2000000,3,2,1800,New York County
Co-op for sale,329999,2,1,950,Bronx County
Co-op for sale,239000,1,1,700,Kings County
Co-op for sale,839000,3,2,1120,New York County
Condo for sale,1439000,4,2,1625,Kings County
Co-op for sale,379000,2,1,900,Queens County
Condo for sale,1439000,4,2,1625,Kings County
Condo for sale,209000,1,1,658,Bronx County
Condo for sale,450000,1,1,724,Kings County
Co-op for sale,4695000,3,4,2600,New York County
Condo for sale,1395000,3,4,2472,New York County
Condo for sale,2995000,4,3,2135,New York County
Co-op for sale,650000,2,1,1060,New York County
Condo for sale,2099000,2,2,1447,Kings County
Co-op for sale,4800000,3,4,3475,New York County
Co-op for sale,299000,1,1,850,Queens County
Co-op for sale,449000,1,2,1213,Queens County
Condo for sale,1250000,3,2,1287,Kings County
Co-op for sale,499000,2,1,900,Kings County
Condo for sale,625000,4,2,1268,Kings County
Condo for sale,625000,4,2,1268,Kings County
Co-op for sale,5495000,3,2,3000,New York County
Co-op for sale,525000,3,1,322,New York County
Co-op for sale,279000,1,1,600,Kings County
Condo for sale,560000,3,1,622,Kings County
Condo for sale,735000,2,2,832,Kings County
Condo for sale,1700000,2,2,1135,New York County
Co-op for sale,295000,2,1,613,New York County
Co-op for sale,625000,1,1,650,New York County
Condo for sale,5700000,3,4,2357,New York County
Co-op for sale,149999,1,1,694,Bronx County
Condo for sale,650000,3,1,550,New York County
Co-op for sale,399000,2,1,1090,Queens County
Co-op for sale,299000,3,1,394,New York County
Condo for sale,239500,1,1,864,Richmond County
Condo for sale,990000,1,1,791,New York County
Condo for sale,990000,1,1,791,New York County
Condo for sale,2300000,1,2,1100,New York County
Condo for sale,350000,1,1,738,Richmond County
Condo for sale,8495000,3,4,4781,New York County
Condo for sale,1895000,3,2,1929,New York County
Co-op for sale,189900,1,1,600,Kings County
Condo for sale,2195000,3,2,1708,New York County
Co-op for sale,229000,1,1,650,Kings County
Condo for sale,5495000,5,4,4014,New York County
Condo for sale,499000,2,1,825,Kings County
Condo for sale,450000,2,1,1249,Queens County
Condo for sale,539000,2,2,821,Kings County
Co-op for sale,99000,1,1,859,Bronx County
Co-op for sale,995000,3,2,1300,New York County
Condo for sale,2550000,3,2,2400,Kings County
Co-op for sale,370000,2,1,800,Kings County
Co-op for sale,289000,1,1,520,Kings County
Condo for sale,340000,1,1,850,Kings County
Condo for sale,15500000,5,5,4193,New York County
Co-op for sale,199999,1,1,550,Kings County
Co-op for sale,799000,2,2,1043,Kings County
Condo for sale,8950000,2,2,2270,New York County
Condo for sale,1295000,2,2,1160,New York County
Co-op for sale,599000,1,1,800,New York County
Condo for sale,593000,2,2,1312,Richmond County
Condo for sale,540000,3,1,509,New York County
Co-op for sale,299000,1,1,800,Queens County
Condo for sale,579000,2,2,750,Queens County
Condo for sale,1995000,2,3,1838,New York County
Co-op for sale,564900,1,1,769,Kings County
Co-op for sale,279999,2,1,666,Kings County
Condo for sale,520000,2,1,741,New York County
Co-op for sale,258000,1,1,650,Kings County
Condo for sale,700000,2,2,1124,Queens County
Condo for sale,500000,1,1,720,New York County
Co-op for sale,375000,1,1,1185,Richmond County
Multi-family home for sale,2700000,24,24,18936,Kings County
Co-op for sale,285000,1,1,900,Kings County
Condo for sale,674999,3,1,1299,Richmond County
Condo for sale,995000,2,2,1030,Kings County
Co-op for sale,239000,1,1,800,Bronx County
Condo for sale,700000,1,2,900,New York County
Condo for sale,450000,3,1,494,Kings County
Condo for sale,3890000,3,4,2446,New York County
Co-op for sale,779000,1,1,800,New York County
Condo for sale,499000,1,1,845,Kings County
Condo for sale,420000,2,1,840,Richmond County
Condo for sale,1750000,3,2,1494,New York County
Co-op for sale,268000,1,1,850,Queens County
Condo for sale,4295000,3,2,2615,New York County
Co-op for sale,213000,3,1,430,Kings County
Co-op for sale,649000,2,2,1500,Queens County
Co-op for sale,439000,2,1,900,Queens County
Co-op for sale,1150000,1,1,984,Kings County
Co-op for sale,318888,1,1,875,Queens County
Co-op for sale,799000,2,2,1549,Queens County
Co-op for sale,489000,2,1,950,Kings County
Co-op for sale,398000,2,1,900,Kings County
Condo for sale,899999,3,3,1750,Queens County
Condo for sale,899999,3,3,1750,Queens County
Condo for sale,1325000,3,2,1597,Kings County
Townhouse for sale,595000,1,2,846,Kings County
Condo for sale,330000,1,1,726,Richmond County
Co-op for sale,345000,2,1,1000,Bronx County
Condo for sale,999000,2,2,1187,Queens County
Co-op for sale,135000,2,1,750,Bronx County
Condo for sale,261250,2,1,857,Bronx County
Condo for sale,728000,3,2,1450,Queens County
Condo for sale,1950000,3,3,1300,New York County
Co-op for sale,600000,2,2,900,New York County
Condo for sale,569000,1,1,739,Kings County
Co-op for sale,300000,3,1,600,Kings County
Co-op for sale,825000,1,2,1100,New York County
Condo for sale,4750000,4,4,4100,New York County
Condo for sale,3995000,3,3,1637,New York County
Co-op for sale,959000,3,4,1993,Queens County
Condo for sale,744000,2,1,890,Queens County
Condo for sale,4595000,4,4,3052,New York County
Co-op for sale,189000,2,1,800,Bronx County
Co-op for sale,395250,1,1,650,Queens County
Condo for sale,1450000,3,3,1855,Queens County
Condo for sale,6500000,2,2,1639,New York County
Co-op for sale,297000,1,1,800,Queens County
Co-op for sale,244900,1,1,518,Queens County
Co-op for sale,750000,2,2,1193,Bronx County
Condo for sale,2249000,2,3,2321,New York County
Co-op for sale,270000,2,1,700,Queens County
Condo for sale,628000,3,2,900,Queens County
Condo for sale,285000,2,1,835,Bronx County
Condo for sale,595000,3,1,915,Kings County
Condo for sale,899000,2,2,1697,Richmond County
Co-op for sale,359000,2,1,950,Queens County
Condo for sale,525000,3,2,1185,Bronx County
Co-op for sale,250000,1,1,800,Kings County
Co-op for sale,350000,3,2,1100,Kings County
Condo for sale,2200000,2,2,1308,New York County
Condo for sale,1949000,2,2,1288,New York County
Co-op for sale,329000,1,1,764,Kings County
Condo for sale,1999999,3,3,1800,Kings County
Co-op for sale,379000,2,1,900,Queens County
Co-op for sale,1030000,2,2,1077,New York County
Condo for sale,1750000,1,1,937,New York County
Co-op for sale,389000,1,1,900,Queens County
Co-op for sale,269000,1,1,625,Kings County
Co-op for sale,239000,1,1,700,Kings County
Condo for sale,1000000,1,1,773,New York County
Condo for sale,555000,1,1,649,Queens County
Co-op for sale,749900,3,1,830,New York County
Condo for sale,948888,2,2,950,Kings County
Condo for sale,2595000,3,3,1449,New York County
Condo for sale,750000,1,1,654,Kings County
Condo for sale,5925000,3,4,2539,Kings County
Condo for sale,5925000,3,4,2539,Kings County
Co-op for sale,199000,3,1,650,Kings County
Co-op for sale,2425000,2,2,1300,New York County
Condo for sale,599000,2,2,705,Queens County
Condo for sale,729000,2,2,950,Queens County
Co-op for sale,397000,2,1,1000,Queens County
Condo for sale,3995000,4,3,2578,New York County
Condo for sale,1999999,4,3,2729,New York County
Condo for sale,699000,2,2,1030,Queens County
Co-op for sale,265000,3,1,650,Kings County
Condo for sale,1086300,2,1,780,New York County
Co-op for sale,169900,2,1,900,Bronx County
Co-op for sale,385000,2,1,920,Queens County
Co-op for sale,250000,1,1,750,Kings County
Condo for sale,485000,1,1,575,Queens County
Co-op for sale,230000,2,1,800,Bronx County
Condo for sale,465000,2,2,708,Queens County
Co-op for sale,278000,1,1,750,Queens County
Co-op for sale,4500000,2,2,1800,New York County
Co-op for sale,449000,2,2,1200,Queens County
Condo for sale,1899000,3,2,1900,Kings County
Condo for sale,548000,1,1,950,Queens County
Co-op for sale,449000,2,1,764,Queens County
Co-op for sale,300000,2,1,800,Kings County
Condo for sale,5000000,2,2,1780,New York County
Condo for sale,425000,1,1,603,Kings County
Co-op for sale,268000,1,1,660,Queens County
Condo for sale,660000,2,2,970,Queens County
Condo for sale,1175000,2,2,1072,New York County
Co-op for sale,349000,1,1,652,Kings County
Condo for sale,425000,1,1,603,Kings County
Co-op for sale,519000,2,2,1079,Queens County
Co-op for sale,199000,1,1,600,Queens County
Co-op for sale,550000,2,2,1012,New York County
Condo for sale,1465000,2,1,1107,Kings County
Condo for sale,269000,3,1,485,Kings County
Co-op for sale,1150000,2,1,900,Kings County
Condo for sale,799000,5,2,1500,Kings County
Condo for sale,2110000,2,2,1326,New York County
Co-op for sale,385000,1,1,779,Kings County
Condo for sale,539000,2,1,708,Kings County
Co-op for sale,5900000,3,4,3000,New York County
Condo for sale,2700000,3,3,1689,New York County
Condo for sale,898000,1,2,1340,Kings County
Co-op for sale,2100000,3,3,1968,New York County
Condo for sale,2300000,2,2,1163,New York County
Condo for sale,594900,2,1,729,Kings County
Condo for sale,639000,2,2,800,Queens County
Condo for sale,349000,3,1,500,Queens County
Condo for sale,560000,2,2,1008,Richmond County
Condo for sale,699900,3,1,558,New York County
Condo for sale,1650000,3,2,1493,New York County
Condo for sale,1249000,2,2,2158,Kings County
Condo for sale,699900,3,1,558,New York County
Co-op for sale,600000,3,2,1000,New York County
Condo for sale,2255000,2,2,1450,New York County
Co-op for sale,259900,2,1,850,Bronx County
Co-op for sale,399000,1,1,750,Kings County
Condo for sale,4750000,3,2,2060,New York County
Condo for sale,550000,1,1,721,Queens County
Condo for sale,888000,2,2,1146,Kings County
Co-op for sale,185000,3,1,500,Bronx County
Co-op for sale,575000,1,1,850,New York County
Condo for sale,10800000,5,6,4544,Kings County
Co-op for sale,239000,1,1,750,Bronx County
Condo for sale,599999,2,1,932,Kings County
Condo for sale,699000,3,2,1290,Queens County
Condo for sale,590000,3,1,579,New York County
Condo for sale,838000,3,2,706,New York County
Condo for sale,1345000,1,2,752,New York County
Co-op for sale,339000,1,1,910,Queens County
Condo for sale,995000,3,2,1175,New York County
Condo for sale,330000,3,2,1067,Bronx County
Co-op for sale,288000,1,1,800,Kings County
Co-op for sale,2399000,2,2,2391,New York County
Co-op for sale,380000,2,1,850,Kings County
Condo for sale,665000,2,1,1120,Queens County
Condo for sale,899000,1,2,1151,Kings County
Condo for sale,1385000,1,2,875,New York County
Condo for sale,1385000,1,2,875,New York County
Condo for sale,625000,3,1,458,Kings County
Co-op for sale,419000,2,1,1000,Kings County
Co-op for sale,448000,1,1,750,Kings County
Condo for sale,299000,1,1,671,Bronx County
Condo for sale,15250000,4,5,4264,New York County
Co-op for sale,420000,3,2,1200,Queens County
Condo for sale,975000,2,1,1164,New York County
Co-op for sale,450500,2,1,1200,Queens County
Condo for sale,469000,2,1,780,Queens County
Condo for sale,285000,1,1,613,Richmond County
Condo for sale,489000,2,2,1100,Kings County
Co-op for sale,180000,3,1,500,Queens County
Condo for sale,9995000,4,4,2918,New York County
Co-op for sale,5400000,4,2,3800,New York County
Co-op for sale,3395000,2,2,1525,New York County
Condo for sale,1050000,4,2,2800,Kings County
Condo for sale,698000,1,1,721,New York County
Condo for sale,558000,2,1,747,Queens County
Condo for sale,1900000,2,2,1035,New York County
Condo for sale,2150000,3,3,1315,New York County
Co-op for sale,329000,1,1,850,Kings County
Co-op for sale,275000,1,1,650,New York County
Co-op for sale,438000,1,1,900,Queens County
Co-op for sale,2150000,3,2,2300,New York County
Co-op for sale,499000,3,2,1266,Queens County
Co-op for sale,460000,1,1,950,Kings County
Condo for sale,845000,1,1,692,New York County
Co-op for sale,565000,4,1,1024,New York County
Co-op for sale,248000,1,1,800,Queens County
Condo for sale,4995000,3,4,3750,New York County
Condo for sale,3200000,3,3,1820,Kings County
Condo for sale,1599000,2,2,1400,New York County
Condo for sale,249999,1,1,596,Richmond County
Co-op for sale,219000,1,1,780,Queens County
Co-op for sale,449000,1,2,1130,Queens County
Condo for sale,879000,2,2,1278,New York County
Co-op for sale,650000,1,1,800,New York County
Condo for sale,750000,2,2,732,Kings County
Condo for sale,780000,2,2,847,Queens County
Co-op for sale,224995,3,1,550,Queens County
Co-op for sale,239000,1,1,670,Kings County
Co-op for sale,529000,2,2,1200,Kings County
Condo for sale,995000,4,2,1782,Kings County
Condo for sale,875000,3,1,294,New York County
Condo for sale,820000,1,2,788,Kings County
Condo for sale,1475000,2,3,1397,New York County
Condo for sale,1225000,2,2,1050,New York County
Condo for sale,2999999,2,2,1770,New York County
Co-op for sale,292950,1,1,675,Queens County
Condo for sale,1540000,3,3,1357,Kings County
Co-op for sale,679000,1,1,700,New York County
Condo for sale,1475000,2,3,1397,New York County
Condo for sale,1225000,2,2,1050,New York County
Condo for sale,2999999,2,2,1770,New York County
Co-op for sale,525000,1,1,715,New York County
Co-op for sale,599000,1,1,600,New York County
Co-op for sale,1100000,2,1,980,New York County
Condo for sale,695000,2,2,889,New York County
Condo for sale,650000,1,1,776,New York County
Co-op for sale,1695000,3,3,1818,New York County
Condo for sale,4495000,3,3,2012,New York County
Co-op for sale,700000,4,1,1500,New York County
Co-op for sale,324888,1,1,713,Queens County
Co-op for sale,165000,3,1,400,Queens County
Co-op for sale,130000,3,1,422,Queens County
Condo for sale,1049000,3,1,897,Kings County
Condo for sale,9995000,3,4,2950,New York County
Co-op for sale,860000,3,2,1118,New York County
Co-op for sale,235000,1,1,675,Kings County
Condo for sale,680000,2,1,640,Kings County
Condo for sale,2175000,2,2,1666,New York County
Condo for sale,2795000,3,3,1689,New York County
Condo for sale,679000,2,2,879,Kings County
Co-op for sale,169999,1,1,750,Queens County
Co-op for sale,304900,1,1,850,Queens County
Condo for sale,600000,1,1,600,New York County
Co-op for sale,279000,2,1,1000,Kings County
Co-op for sale,1250000,1,1,1300,New York County
Co-op for sale,268000,2,1,950,Queens County
Co-op for sale,140000,3,1,507,Bronx County
Co-op for sale,293000,1,1,649,Queens County
Condo for sale,649000,1,1,665,New York County
Co-op for sale,298888,1,1,700,Queens County
Condo for sale,4145000,2,2,1593,New York County
Co-op for sale,99000,1,1,850,Bronx County
Co-op for sale,99000,1,1,850,Bronx County
Condo for sale,15500000,4,4,4064,New York County
Co-op for sale,3125000,2,2,1804,New York County
Condo for sale,570000,3,1,515,New York County
Co-op for sale,599000,3,1,868,New York County
Co-op for sale,239000,2,1,950,Kings County
Condo for sale,1950000,1,2,1117,New York County
Condo for sale,1950000,1,2,1117,New York County
Co-op for sale,349000,2,1,900,Kings County
Multi-family home for sale,1800000,11,6,5000,Queens County
Condo for sale,1450000,3,2,1117,New York County
Co-op for sale,185000,3,1,400,Queens County
Condo for sale,2000000,2,2,1441,Kings County
Condo for sale,7600000,4,4,3216,New York County
Condo for sale,575000,1,1,1073,New York County
Co-op for sale,350000,2,1,850,New York County
Condo for sale,7600000,4,4,3216,New York County
Condo for sale,695000,3,2,704,Kings County
Co-op for sale,410000,3,1,766,New York County
Co-op for sale,995000,2,1,1000,New York County
Co-op for sale,535000,2,1,1000,Queens County
Co-op for sale,429000,1,1,575,Kings County
Co-op for sale,235000,1,1,800,Kings County
Condo for sale,899000,2,1,1010,Kings County
Condo for sale,900000,2,2,951,New York County
Co-op for sale,280000,1,1,650,Kings County
Condo for sale,5100000,2,2,1676,New York County
Condo for sale,8500000,3,3,2080,New York County
Condo for sale,1075000,3,4,2740,Bronx County
Condo for sale,950000,3,1,660,New York County
Co-op for sale,875000,2,2,1275,Kings County
Condo for sale,598000,1,1,663,Queens County
Co-op for sale,515000,2,2,1200,Kings County
Co-op for sale,3395000,2,2,1800,New York County
Condo for sale,6998000,4,4,3000,New York County
Co-op for sale,324900,1,1,665,New York County
Condo for sale,870000,1,1,620,New York County
Co-op for sale,355000,2,1,1000,Kings County
Co-op for sale,268800,1,1,725,Kings County
Condo for sale,640000,1,1,1022,Kings County
Condo for sale,640000,1,1,1022,Kings County
Co-op for sale,699000,2,2,1400,Queens County
Condo for sale,1025000,1,1,787,New York County
Condo for sale,2449000,3,2,1744,New York County
Condo for sale,700000,3,1,474,New York County
Co-op for sale,700000,2,1,900,New York County
Condo for sale,2350000,4,2,1847,New York County
Condo for sale,5350000,3,4,2491,New York County
Condo for sale,628000,3,2,1097,Kings County
Co-op for sale,800000,2,1,900,New York County
Co-op for sale,416000,3,1,950,Queens County
Co-op for sale,499000,1,1,800,Kings County
Co-op for sale,140000,3,1,507,Bronx County
Condo for sale,2400000,2,2,1375,New York County
Co-op for sale,5995000,3,2,4200,New York County
Co-op for sale,229000,3,1,500,Kings County
Condo for sale,3500000,3,2,1896,Kings County
Co-op for sale,419800,2,1,1000,Queens County
Condo for sale,5900000,3,3,2706,New York County
Condo for sale,1450000,2,2,1175,New York County
Co-op for sale,210000,3,1,550,Queens County
Condo for sale,2990000,3,2,1721,New York County
Condo for sale,888000,3,2,1700,Kings County
Condo for sale,1995000,1,2,910,New York County
Co-op for sale,279900,1,1,850,Bronx County
Co-op for sale,935000,2,2,1150,New York County
Co-op for sale,318000,3,1,450,New York County
Co-op for sale,315000,2,1,1000,Bronx County
Co-op for sale,279900,1,1,850,Bronx County
Co-op for sale,385000,3,1,440,New York County
Condo for sale,209000,1,1,650,Richmond County
Co-op for sale,259000,3,1,590,Queens County
Co-op for sale,499000,3,2,1200,Bronx County
Co-op for sale,359000,2,1,850,New York County
Condo for sale,771770,2,2,710,Queens County
Condo for sale,3550000,3,2,2693,New York County
Co-op for sale,4395000,6,4,2700,New York County
Condo for sale,645000,3,1,419,New York County
Condo for sale,771770,2,2,710,Queens County
Condo for sale,1250000,2,2,1434,New York County
Co-op for sale,1049000,4,3,2400,Bronx County
Co-op for sale,300000,1,1,800,Kings County
Condo for sale,1195000,1,1,713,New York County
Condo for sale,1195000,1,1,713,New York County
Co-op for sale,240000,3,1,500,Queens County
Co-op for sale,1195000,2,2,650,New York County
Co-op for sale,299000,3,1,650,Queens County
Co-op for sale,500000,3,1,450,New York County
Co-op for sale,298000,1,1,790,Kings County
Condo for sale,748000,2,2,713,Queens County
Co-op for sale,3750000,2,2,2300,New York County
Condo for sale,18950000,4,4,5075,New York County
Condo for sale,2300000,2,2,1035,New York County
Condo for sale,825000,2,2,1001,New York County
Condo for sale,6895000,2,2,2114,New York County
Co-op for sale,165000,1,1,750,Bronx County
Co-op for sale,245000,1,1,863,Bronx County
Condo for sale,565000,1,1,804,Kings County
Co-op for sale,1950000,3,2,1265,New York County
Co-op for sale,1200000,1,1,1120,New York County
Condo for sale,565000,1,1,804,Kings County
Co-op for sale,165000,1,1,750,Bronx County
Co-op for sale,399000,1,1,675,New York County
Co-op for sale,4895000,4,2,3594,New York County
Co-op for sale,11175000,4,6,3841,New York County
Co-op for sale,699000,1,1,700,New York County
Condo for sale,320000,2,1,802,Bronx County
Condo for sale,418000,1,1,684,Queens County
Co-op for sale,205900,1,1,750,Queens County
Co-op for sale,265000,1,1,765,Kings County
Co-op for sale,699000,1,1,700,New York County
Condo for sale,445000,3,1,402,Queens County
Co-op for sale,399000,2,1,960,Kings County
Co-op for sale,7500000,6,6,4200,New York County
Co-op for sale,479000,2,1,1100,Kings County
Condo for sale,5950000,2,2,1853,New York County
Condo for sale,599000,1,1,626,New York County
Condo for sale,420000,1,1,668,Kings County
Co-op for sale,2199000,2,2,1770,New York County
Co-op for sale,595000,1,1,700,New York County
Co-op for sale,249000,2,1,1000,Kings County
Co-op for sale,115000,3,1,550,Bronx County
Condo for sale,779000,1,1,638,New York County
Co-op for sale,2199000,2,2,1770,New York County
Condo for sale,7750000,5,6,3701,Kings County
Condo for sale,795000,1,1,860,New York County
Co-op for sale,275000,1,1,880,Kings County
Co-op for sale,330000,1,1,656,Queens County
Co-op for sale,975000,2,2,1270,New York County
Co-op for sale,190000,3,1,500,Queens County
Co-op for sale,405000,3,1,550,New York County
Condo for sale,359000,2,1,920,Kings County
Co-op for sale,1950000,2,2,960,New York County
Condo for sale,2950000,3,2,1709,Kings County
Condo for sale,760000,1,1,700,New York County
Condo for sale,380000,3,1,393,Kings County
Condo for sale,380000,3,1,393,Kings County
Condo for sale,649000,3,2,1150,Kings County
Condo for sale,475000,1,1,739,Kings County
Co-op for sale,3200000,3,4,1825,New York County
Co-op for sale,579000,3,2,1200,Queens County
Condo for sale,648888,2,2,950,Queens County
Co-op for sale,154900,1,1,700,Bronx County
Condo for sale,399000,1,1,577,Kings County
Condo for sale,589000,3,1,415,New York County
Condo for sale,3795000,3,3,2250,New York County
Co-op for sale,199999,3,1,471,Queens County
Co-op for sale,2500000,3,2,3200,New York County
Co-op for sale,258000,3,1,500,Queens County
Condo for sale,3250000,3,2,2292,New York County
Condo for sale,245000,1,1,800,Richmond County
Co-op for sale,729000,3,2,1400,Bronx County
Condo for sale,1090000,3,3,1295,Kings County
Co-op for sale,365000,2,1,925,Kings County
Condo for sale,1990000,2,2,1309,New York County
Co-op for sale,473000,2,1,1000,Kings County
Condo for sale,25000000,5,6,4089,New York County
Co-op for sale,133000,1,1,630,Bronx County
Condo for sale,25000000,5,6,4089,New York County
Condo for sale,4995000,3,2,2803,New York County
Co-op for sale,225000,1,1,900,Bronx County
Co-op for sale,345000,1,1,900,Queens County
Co-op for sale,649000,1,1,687,New York County
Condo for sale,659000,2,1,714,Kings County
Co-op for sale,429000,2,1,850,Kings County
Condo for sale,1795000,2,2,1245,Kings County
Co-op for sale,173000,3,1,500,Queens County
Condo for sale,1649000,1,1,800,New York County
Co-op for sale,800000,2,1,1200,Kings County
Condo for sale,1750000,2,2,1320,Kings County
Condo for sale,2750000,2,2,1488,New York County
Condo for sale,26000000,5,6,4859,New York County
Condo for sale,3999999,2,2,1997,New York County
Condo for sale,2295000,3,3,1615,New York County
Co-op for sale,243000,2,1,965,Bronx County
Condo for sale,688000,3,2,982,Kings County
Co-op for sale,249000,1,1,750,Queens County
Condo for sale,409000,1,1,559,Queens County
Condo for sale,630000,2,2,750,Queens County
Condo for sale,874000,2,2,915,Kings County
Co-op for sale,175000,1,1,627,Queens County
Condo for sale,3000000,1,2,1600,Kings County
Condo for sale,2400000,1,2,1427,New York County
Co-op for sale,299999,1,1,850,Queens County
Co-op for sale,120000,2,1,1100,Bronx County
Condo for sale,1995000,3,2,1376,New York County
Condo for sale,925000,2,2,1033,New York County
Co-op for sale,1199000,2,2,1000,New York County
Condo for sale,2850000,3,2,1912,Kings County
Co-op for sale,245000,1,1,550,Kings County
Condo for sale,695000,2,2,1080,Kings County
Co-op for sale,199000,1,1,550,Kings County
Condo for sale,815000,2,2,1000,Kings County
Condo for sale,474000,2,1,750,Kings County
Condo for sale,2350000,2,2,1572,New York County
Co-op for sale,1325000,2,2,1250,New York County
Co-op for sale,590000,2,1,800,Kings County
Condo for sale,695000,2,2,1080,Kings County
Condo for sale,610000,1,1,673,New York County
Condo for sale,1299000,1,2,1066,New York County
Condo for sale,800000,2,1,850,Kings County
Condo for sale,725000,1,1,696,Kings County
Co-op for sale,349500,1,1,900,Queens County
Condo for sale,550000,3,1,446,New York County
Co-op for sale,398000,3,1,1000,Queens County
Condo for sale,498000,1,1,785,Queens County
Co-op for sale,280000,1,1,850,Kings County
Condo for sale,1250000,1,1,855,New York County
Condo for sale,2649000,3,3,1699,New York County
Condo for sale,385000,2,1,919,Kings County
Co-op for sale,179000,1,1,600,Kings County
Condo for sale,2100000,3,3,1638,New York County
Co-op for sale,323000,1,1,800,Kings County
Co-op for sale,1296000,2,2,1200,New York County
Co-op for sale,3395000,4,3,3111,New York County
Co-op for sale,450000,2,1,1100,Kings County
Condo for sale,649000,3,2,1770,Queens County
Co-op for sale,265000,2,1,900,Kings County
Co-op for sale,398000,3,1,900,Kings County
Condo for sale,680000,2,2,847,Queens County
House for sale,7188000,3,3,4108,New York County
Condo for sale,799000,2,2,868,Queens County
Condo for sale,4250000,2,2,1778,New York County
Co-op for sale,925000,3,2,1700,New York County
Condo for sale,1695000,2,2,1035,Kings County
Condo for sale,599000,1,1,958,Queens County
Co-op for sale,1250000,2,2,1350,New York County
Co-op for sale,2395000,4,4,3600,New York County
Condo for sale,1080000,2,2,1545,Queens County
Co-op for sale,588888,3,2,1150,Queens County
Condo for sale,1199000,2,1,1080,Kings County
Condo for sale,650000,2,2,1013,Bronx County
Co-op for sale,395000,2,1,950,Bronx County
Co-op for sale,299000,1,1,700,Queens County
Condo for sale,549000,2,2,1113,Queens County
Condo for sale,1350000,2,2,1066,Kings County
Condo for sale,499000,1,1,571,Queens County
Condo for sale,1351242,2,2,1026,Queens County
Co-op for sale,249000,2,1,830,Kings County
Condo for sale,479000,1,2,1096,Kings County
Condo for sale,1899000,3,2,1757,Kings County
Co-op for sale,275000,1,1,694,Queens County
Condo for sale,2150000,2,2,1711,New York County
Co-op for sale,1999000,3,3,1950,New York County
Condo for sale,1745000,2,2,1574,Queens County
Condo for sale,1494000,1,2,1444,New York County
Co-op for sale,749000,2,1,1000,New York County
Co-op for sale,2465000,2,2,1400,New York County
Co-op for sale,439000,3,1,475,New York County
Condo for sale,975000,2,2,930,Kings County
Condo for sale,1999999,4,4,2743,New York County
Condo for sale,460000,1,1,518,Kings County
House for sale,3498000,2,2,2046,New York County
Condo for sale,3995000,2,2,1283,New York County
Co-op for sale,1139000,3,2,1800,Queens County
Condo for sale,2695000,2,2,1927,Kings County
Co-op for sale,125000,1,1,728,Bronx County
Condo for sale,625000,1,1,692,New York County
Co-op for sale,545000,1,1,1050,Kings County
Condo for sale,599000,1,1,935,Kings County
Condo for sale,342990,2,1,900,Richmond County
Co-op for sale,1500000,2,2,1600,New York County
Condo for sale,3150000,4,3,2263,New York County
Co-op for sale,200000,1,1,700,Kings County
Co-op for sale,699000,2,2,1400,Kings County
Multi-family home for sale,3000000,24,16,12720,Kings County
Co-op for sale,559000,3,2,1200,Bronx County
Condo for sale,2649000,3,3,1500,New York County
Condo for sale,925000,2,2,787,Queens County
Condo for sale,559000,1,1,579,Kings County
Condo for sale,999999,1,2,807,New York County
Co-op for sale,269000,1,1,700,Kings County
Condo for sale,838000,2,2,1054,Kings County
Co-op for sale,220000,1,1,792,Queens County
Condo for sale,729000,1,1,550,New York County
Condo for sale,2045000,3,2,1039,New York County
Condo for sale,3695000,2,2,1978,New York County
Condo for sale,2045000,3,2,1039,New York County
Co-op for sale,495000,2,1,900,Kings County
Condo for sale,950000,2,2,1033,New York County
Co-op for sale,449000,1,2,1074,Queens County
Co-op for sale,325000,1,1,775,Kings County
Condo for sale,1599000,2,2,1094,New York County
Condo for sale,1850000,1,1,703,New York County
Condo for sale,1395000,1,2,1220,New York County
Condo for sale,759000,2,2,1230,Kings County
Condo for sale,4995000,3,4,2184,New York County
Co-op for sale,249000,2,1,1000,Kings County
Condo for sale,1500000,1,2,1218,Kings County
Condo for sale,695000,2,1,959,New York County
Co-op for sale,325000,1,1,775,Kings County
Condo for sale,15500000,5,6,4134,New York County
Co-op for sale,1995000,2,2,1700,New York County
Condo for sale,759000,2,2,1230,Kings County
Condo for sale,3250000,2,2,1509,New York County
Co-op for sale,750000,1,1,750,New York County
Condo for sale,4395000,5,5,3498,New York County
House for sale,11250000,5,6,4357,New York County
Condo for sale,7500000,4,4,2811,New York County
House for sale,635000,3,1,500,New York County
Condo for sale,580000,2,1,667,Kings County
Condo for sale,8575000,2,2,1830,New York County
Condo for sale,1200000,3,1,500,New York County
Co-op for sale,8250000,2,3,3000,New York County
Condo for sale,375000,1,1,387,Kings County
Condo for sale,2488000,2,2,1483,New York County
Condo for sale,935000,1,1,713,Kings County
Condo for sale,5200000,3,4,3400,New York County
Co-op for sale,329000,2,1,950,Kings County
Co-op for sale,2495000,3,3,2500,New York County
Co-op for sale,595000,2,2,1075,Queens County
Co-op for sale,639000,3,1,1100,Queens County
Condo for sale,720000,2,1,970,Queens County
Condo for sale,4780000,2,2,1882,New York County
Condo for sale,760000,1,1,700,New York County
Condo for sale,2350000,2,2,1628,New York County
Co-op for sale,339999,1,1,825,Queens County
Co-op for sale,220000,1,1,900,Bronx County
Condo for sale,499000,1,1,750,Queens County
Co-op for sale,445000,3,1,550,New York County
Co-op for sale,299000,1,1,700,Queens County
Condo for sale,4075000,3,3,2150,New York County
Condo for sale,580000,2,2,950,Queens County
Condo for sale,995000,2,2,1015,New York County
Condo for sale,1525000,2,2,1329,Queens County
Co-op for sale,1995000,3,3,1800,New York County
Co-op for sale,217000,1,1,700,Queens County
Condo for sale,468000,1,1,500,Queens County
Multi-family home for sale,2100000,3,8,7984,Kings County
Co-op for sale,7450000,3,2,5500,New York County
Co-op for sale,450000,1,1,1115,Queens County
Co-op for sale,235000,1,1,660,Bronx County
House for sale,485000,3,1,525,New York County
Condo for sale,1588000,2,2,1108,New York County
House for sale,2695000,2,2,1750,New York County
Condo for sale,585000,2,2,988,Bronx County
Condo for sale,848880,1,1,713,New York County
Co-op for sale,268000,1,1,750,Queens County
Condo for sale,3700000,3,3,1756,New York County
Condo for sale,2395000,4,3,2155,Kings County
Condo for sale,8525000,4,4,2863,New York County
Co-op for sale,799000,1,1,950,New York County
Condo for sale,240000,1,1,800,Richmond County
Co-op for sale,165000,1,1,750,Bronx County
Co-op for sale,765000,1,2,1000,New York County
Condo for sale,309000,2,1,862,Bronx County
Condo for sale,3795000,3,3,1981,New York County
Condo for sale,8525000,4,4,2863,New York County
Condo for sale,1075000,2,2,1144,Kings County
Condo for sale,1075000,2,2,1144,Kings County
Condo for sale,750000,1,1,592,Kings County
Condo for sale,1850000,2,2,1322,New York County
Condo for sale,5250000,3,3,2950,New York County
Co-op for sale,270000,2,1,700,Queens County
Co-op for sale,3585000,3,3,2237,New York County
Condo for sale,595000,1,1,556,Kings County
Multi-family home for sale,5000000,3,3,1845,New York County
Condo for sale,2995000,2,2,1784,New York County
Co-op for sale,469900,3,2,1200,Bronx County
Co-op for sale,159999,1,1,650,Bronx County
Co-op for sale,469900,3,2,1200,Bronx County
Co-op for sale,3250000,3,3,2610,New York County
Co-op for sale,1575000,2,2,1157,New York County
Co-op for sale,259000,1,1,570,Kings County
Condo for sale,749999,3,3,1602,Kings County
Co-op for sale,639000,3,1,1050,Queens County
Condo for sale,2300000,3,3,1700,New York County
Condo for sale,6750000,2,2,2320,New York County
Co-op for sale,600000,1,1,750,New York County
Co-op for sale,600000,1,1,750,New York County
Co-op for sale,319000,1,1,750,Kings County
Co-op for sale,520000,1,1,730,New York County
Co-op for sale,689000,1,1,1000,New York County
House for sale,899000,4,2,1400,Queens County
Co-op for sale,1825000,3,2,1500,New York County
Co-op for sale,232000,1,1,750,Queens County
Condo for sale,1100000,2,1,988,New York County
Condo for sale,4999000,2,2,1666,New York County
Condo for sale,1695000,3,2,1827,Kings County
Condo for sale,2800000,3,2,1687,New York County
Condo for sale,459000,1,1,548,Kings County
Condo for sale,15900000,4,4,3698,New York County
Condo for sale,4995000,3,4,1960,New York County
Condo for sale,2250000,3,1,1710,New York County
Condo for sale,989000,3,1,930,Kings County
Co-op for sale,309999,1,1,650,Queens County
Condo for sale,4880000,3,3,2130,New York County
Co-op for sale,240000,1,1,750,Queens County
Co-op for sale,225000,1,1,622,Kings County
Condo for sale,1625000,1,2,995,New York County
Condo for sale,385000,2,1,910,Richmond County
Co-op for sale,5600000,5,4,3200,New York County
Co-op for sale,729888,2,2,1600,Queens County
Co-op for sale,535000,3,2,1350,Queens County
Co-op for sale,1250000,2,2,1500,New York County
Condo for sale,550000,1,1,712,Queens County
Co-op for sale,1250000,2,2,1500,New York County
Condo for sale,2800000,3,3,3341,Kings County
Condo for sale,725000,2,2,800,Queens County
Co-op for sale,349999,2,1,873,Kings County
Co-op for sale,280000,2,1,1050,Bronx County
Condo for sale,595000,2,2,739,Queens County
Townhouse for sale,15990000,8,8,6000,New York County
Condo for sale,2350000,2,2,1428,New York County
Condo for sale,705000,1,1,631,Queens County
Condo for sale,1675000,2,2,1294,New York County
Condo for sale,1395000,2,2,1065,Queens County
Co-op for sale,1450000,1,2,1100,New York County
Co-op for sale,329000,1,1,681,Queens County
Condo for sale,2495000,1,2,1218,New York County
Condo for sale,1095000,2,2,1200,New York County
Condo for sale,14950000,4,4,4017,New York County
Condo for sale,1195000,1,1,600,New York County
Condo for sale,815000,3,2,1039,Kings County
Condo for sale,3900000,2,2,1700,New York County
Condo for sale,795000,2,1,759,New York County
Co-op for sale,478000,1,1,750,Kings County
House for sale,2499000,2,2,1471,New York County
Condo for sale,460000,3,1,426,New York County
Condo for sale,534900,1,1,654,Kings County
Co-op for sale,495000,2,2,800,Queens County
Co-op for sale,338000,1,1,800,Queens County
Condo for sale,1650000,2,2,1168,Kings County
Condo for sale,1575000,1,2,1494,Kings County
Condo for sale,459000,3,1,489,Queens County
Co-op for sale,8100000,5,4,4000,New York County
Co-op for sale,399000,1,1,681,Kings County
Co-op for sale,625000,2,1,1025,Queens County
Co-op for sale,375000,1,1,920,Kings County
Condo for sale,389990,2,1,886,Richmond County
Condo for sale,375000,3,1,500,Queens County
Condo for sale,8950000,3,4,2367,New York County
Co-op for sale,695000,2,2,1800,New York County
Condo for sale,1345000,1,2,1010,New York County
Co-op for sale,1675000,2,2,1150,New York County
Condo for sale,3550000,4,4,2120,New York County
Condo for sale,5500000,4,4,2670,New York County
Condo for sale,2750000,2,2,1856,New York County
Co-op for sale,750000,2,1,920,New York County
Co-op for sale,2150000,3,2,1800,New York County
Condo for sale,3995000,1,2,1560,New York County
Condo for sale,849000,2,2,937,Kings County
Condo for sale,995000,1,1,971,Kings County
Co-op for sale,899000,2,1,940,New York County
Co-op for sale,519000,2,1,1100,Kings County
Co-op for sale,519000,2,1,1100,Kings County
Condo for sale,995000,1,1,971,Kings County
Co-op for sale,659000,1,1,860,New York County
Condo for sale,15000000,2,2,2625,New York County
Condo for sale,1195000,1,2,1330,Kings County
Condo for sale,24500000,4,6,5427,New York County
Co-op for sale,580000,1,1,712,New York County
Condo for sale,7995000,4,4,2697,New York County
Condo for sale,529000,3,1,367,New York County
Condo for sale,654250,2,1,702,Queens County
Condo for sale,1350000,1,2,822,New York County
Condo for sale,995000,1,1,971,Kings County
Co-op for sale,899000,2,1,940,New York County
Co-op for sale,1950000,2,2,1350,New York County
Co-op for sale,740000,2,2,800,New York County
Condo for sale,654250,2,1,702,Queens County
Co-op for sale,279000,1,1,800,Queens County
Co-op for sale,189000,3,1,300,Kings County
Co-op for sale,3450000,3,4,1965,New York County
Condo for sale,550000,2,2,721,Queens County
Condo for sale,2600000,3,2,1729,New York County
Co-op for sale,370000,1,1,680,Kings County
Condo for sale,2500000,2,2,1111,Kings County
Condo for sale,2600000,3,2,1729,New York County
Condo for sale,499000,3,1,472,New York County
Condo for sale,945000,2,2,903,New York County
Condo for sale,598125,2,1,655,Queens County
Co-op for sale,349000,1,1,750,Kings County
